rep,tset,method,pts
0,24/25,last-szn,1574
0,24/25,price,1425
0,24/25,structural,1702
0,24/25,ridge,1771
0,24/25,gbm,1673
0,24/25,rf,1778
0,24/25,ml_ens,1865
0,24/25,blend0,1586
0,24/25,blend10,1586
0,24/25,blend20,1586
0,24/25,blend30,1768
0,24/25,blend40,1868
0,24/25,blend50,1852
0,24/25,blend60,1852
0,24/25,blend70,1742
0,24/25,blend80,1742
0,24/25,blend90,1742
0,24/25,blend100,1601
0,25/26,last-szn,1405
0,25/26,price,922
0,25/26,structural,1397
0,25/26,ridge,1398
0,25/26,gbm,1320
0,25/26,rf,1360
0,25/26,ml_ens,1482
0,25/26,blend0,1476
0,25/26,blend10,1572
0,25/26,blend20,1572
0,25/26,blend30,1572
0,25/26,blend40,1572
0,25/26,blend50,1700
0,25/26,blend60,1700
0,25/26,blend70,1700
0,25/26,blend80,1700
0,25/26,blend90,1663
0,25/26,blend100,1569
1,24/25,last-szn,1574
1,24/25,price,1425
1,24/25,structural,1702
1,24/25,ridge,1834
1,24/25,gbm,1622
1,24/25,rf,1369
1,24/25,ml_ens,1742
1,24/25,blend0,1586
1,24/25,blend10,1586
1,24/25,blend20,1586
1,24/25,blend30,1761
1,24/25,blend40,1643
1,24/25,blend50,1731
1,24/25,blend60,1731
1,24/25,blend70,1731
1,24/25,blend80,1742
1,24/25,blend90,1742
1,24/25,blend100,1742
1,25/26,last-szn,1405
1,25/26,price,922
1,25/26,structural,1397
1,25/26,ridge,1398
1,25/26,gbm,1276
1,25/26,rf,1224
1,25/26,ml_ens,1417
1,25/26,blend0,1476
1,25/26,blend10,1558
1,25/26,blend20,1558
1,25/26,blend30,1558
1,25/26,blend40,1700
1,25/26,blend50,1700
1,25/26,blend60,1700
1,25/26,blend70,1700
1,25/26,blend80,1546
1,25/26,blend90,1551
1,25/26,blend100,1499
2,24/25,last-szn,1574
2,24/25,price,1425
2,24/25,structural,1702
2,24/25,ridge,1714
2,24/25,gbm,1744
2,24/25,rf,1419
2,24/25,ml_ens,1742
2,24/25,blend0,1586
2,24/25,blend10,1586
2,24/25,blend20,1586
2,24/25,blend30,1648
2,24/25,blend40,1598
2,24/25,blend50,1598
2,24/25,blend60,1798
2,24/25,blend70,1798
2,24/25,blend80,1725
2,24/25,blend90,1612
2,24/25,blend100,1574
2,25/26,last-szn,1405
2,25/26,price,922
2,25/26,structural,1397
2,25/26,ridge,1398
2,25/26,gbm,1353
2,25/26,rf,1374
2,25/26,ml_ens,1319
2,25/26,blend0,1476
2,25/26,blend10,1572
2,25/26,blend20,1572
2,25/26,blend30,1572
2,25/26,blend40,1644
2,25/26,blend50,1644
2,25/26,blend60,1645
2,25/26,blend70,1579
2,25/26,blend80,1569
2,25/26,blend90,1569
2,25/26,blend100,1436
3,24/25,last-szn,1574
3,24/25,price,1425
3,24/25,structural,1702
3,24/25,ridge,1834
3,24/25,gbm,1741
3,24/25,rf,1726
3,24/25,ml_ens,1853
3,24/25,blend0,1586
3,24/25,blend10,1586
3,24/25,blend20,1650
3,24/25,blend30,1650
3,24/25,blend40,1786
3,24/25,blend50,1731
3,24/25,blend60,1731
3,24/25,blend70,1775
3,24/25,blend80,1659
3,24/25,blend90,1617
3,24/25,blend100,1591
3,25/26,last-szn,1405
3,25/26,price,922
3,25/26,structural,1397
3,25/26,ridge,1398
3,25/26,gbm,1212
3,25/26,rf,1166
3,25/26,ml_ens,1474
3,25/26,blend0,1476
3,25/26,blend10,1602
3,25/26,blend20,1539
3,25/26,blend30,1539
3,25/26,blend40,1539
3,25/26,blend50,1539
3,25/26,blend60,1539
3,25/26,blend70,1539
3,25/26,blend80,1527
3,25/26,blend90,1527
3,25/26,blend100,1663
4,24/25,last-szn,1574
4,24/25,price,1425
4,24/25,structural,1702
4,24/25,ridge,1714
4,24/25,gbm,1619
4,24/25,rf,1791
4,24/25,ml_ens,1853
4,24/25,blend0,1586
4,24/25,blend10,1586
4,24/25,blend20,1586
4,24/25,blend30,1605
4,24/25,blend40,1761
4,24/25,blend50,1798
4,24/25,blend60,1798
4,24/25,blend70,1798
4,24/25,blend80,1798
4,24/25,blend90,1798
4,24/25,blend100,1601
4,25/26,last-szn,1405
4,25/26,price,922
4,25/26,structural,1397
4,25/26,ridge,1398
4,25/26,gbm,1392
4,25/26,rf,1257
4,25/26,ml_ens,1396
4,25/26,blend0,1476
4,25/26,blend10,1558
4,25/26,blend20,1558
4,25/26,blend30,1558
4,25/26,blend40,1700
4,25/26,blend50,1700
4,25/26,blend60,1700
4,25/26,blend70,1725
4,25/26,blend80,1725
4,25/26,blend90,1700
4,25/26,blend100,1579
5,24/25,last-szn,1574
5,24/25,price,1425
5,24/25,structural,1702
5,24/25,ridge,1834
5,24/25,gbm,1675
5,24/25,rf,1473
5,24/25,ml_ens,1853
5,24/25,blend0,1586
5,24/25,blend10,1586
5,24/25,blend20,1586
5,24/25,blend30,1650
5,24/25,blend40,1643
5,24/25,blend50,1622
5,24/25,blend60,1589
5,24/25,blend70,1628
5,24/25,blend80,1628
5,24/25,blend90,1612
5,24/25,blend100,1853
5,25/26,last-szn,1405
5,25/26,price,922
5,25/26,structural,1397
5,25/26,ridge,1398
5,25/26,gbm,1280
5,25/26,rf,1453
5,25/26,ml_ens,1250
5,25/26,blend0,1476
5,25/26,blend10,1558
5,25/26,blend20,1558
5,25/26,blend30,1558
5,25/26,blend40,1558
5,25/26,blend50,1558
5,25/26,blend60,1558
5,25/26,blend70,1558
5,25/26,blend80,1558
5,25/26,blend90,1192
5,25/26,blend100,1250
6,24/25,last-szn,1574
6,24/25,price,1425
6,24/25,structural,1702
6,24/25,ridge,1738
6,24/25,gbm,1659
6,24/25,rf,1671
6,24/25,ml_ens,1853
6,24/25,blend0,1586
6,24/25,blend10,1586
6,24/25,blend20,1655
6,24/25,blend30,1648
6,24/25,blend40,1643
6,24/25,blend50,1643
6,24/25,blend60,1821
6,24/25,blend70,1658
6,24/25,blend80,1662
6,24/25,blend90,1662
6,24/25,blend100,1659
6,25/26,last-szn,1405
6,25/26,price,922
6,25/26,structural,1397
6,25/26,ridge,1379
6,25/26,gbm,1220
6,25/26,rf,1271
6,25/26,ml_ens,1356
6,25/26,blend0,1476
6,25/26,blend10,1572
6,25/26,blend20,1572
6,25/26,blend30,1539
6,25/26,blend40,1539
6,25/26,blend50,1539
6,25/26,blend60,1474
6,25/26,blend70,1590
6,25/26,blend80,1590
6,25/26,blend90,1549
6,25/26,blend100,1576
7,24/25,last-szn,1574
7,24/25,price,1425
7,24/25,structural,1702
7,24/25,ridge,1714
7,24/25,gbm,1531
7,24/25,rf,1542
7,24/25,ml_ens,1572
7,24/25,blend0,1586
7,24/25,blend10,1586
7,24/25,blend20,1655
7,24/25,blend30,1648
7,24/25,blend40,1710
7,24/25,blend50,1561
7,24/25,blend60,1561
7,24/25,blend70,1561
7,24/25,blend80,1662
7,24/25,blend90,1662
7,24/25,blend100,1572
7,25/26,last-szn,1405
7,25/26,price,922
7,25/26,structural,1397
7,25/26,ridge,1398
7,25/26,gbm,1261
7,25/26,rf,1091
7,25/26,ml_ens,1374
7,25/26,blend0,1476
7,25/26,blend10,1558
7,25/26,blend20,1558
7,25/26,blend30,1558
7,25/26,blend40,1558
7,25/26,blend50,1635
7,25/26,blend60,1635
7,25/26,blend70,1635
7,25/26,blend80,1635
7,25/26,blend90,1606
7,25/26,blend100,1554
8,24/25,last-szn,1574
8,24/25,price,1425
8,24/25,structural,1702
8,24/25,ridge,1853
8,24/25,gbm,1754
8,24/25,rf,1671
8,24/25,ml_ens,1853
8,24/25,blend0,1586
8,24/25,blend10,1586
8,24/25,blend20,1655
8,24/25,blend30,1655
8,24/25,blend40,1643
8,24/25,blend50,1731
8,24/25,blend60,1731
8,24/25,blend70,1798
8,24/25,blend80,1612
8,24/25,blend90,1636
8,24/25,blend100,1853
8,25/26,last-szn,1405
8,25/26,price,922
8,25/26,structural,1397
8,25/26,ridge,1398
8,25/26,gbm,1410
8,25/26,rf,1487
8,25/26,ml_ens,1420
8,25/26,blend0,1476
8,25/26,blend10,1602
8,25/26,blend20,1572
8,25/26,blend30,1572
8,25/26,blend40,1572
8,25/26,blend50,1572
8,25/26,blend60,1626
8,25/26,blend70,1626
8,25/26,blend80,1696
8,25/26,blend90,1637
8,25/26,blend100,1532
9,24/25,last-szn,1574
9,24/25,price,1425
9,24/25,structural,1702
9,24/25,ridge,1834
9,24/25,gbm,1701
9,24/25,rf,1667
9,24/25,ml_ens,1834
9,24/25,blend0,1586
9,24/25,blend10,1586
9,24/25,blend20,1655
9,24/25,blend30,1589
9,24/25,blend40,1615
9,24/25,blend50,1561
9,24/25,blend60,1617
9,24/25,blend70,1662
9,24/25,blend80,1662
9,24/25,blend90,1612
9,24/25,blend100,1659
9,25/26,last-szn,1405
9,25/26,price,922
9,25/26,structural,1397
9,25/26,ridge,1398
9,25/26,gbm,1134
9,25/26,rf,1237
9,25/26,ml_ens,1365
9,25/26,blend0,1476
9,25/26,blend10,1558
9,25/26,blend20,1525
9,25/26,blend30,1525
9,25/26,blend40,1525
9,25/26,blend50,1525
9,25/26,blend60,1525
9,25/26,blend70,1437
9,25/26,blend80,1437
9,25/26,blend90,1487
9,25/26,blend100,1529
10,24/25,last-szn,1574
10,24/25,price,1425
10,24/25,structural,1702
10,24/25,ridge,1714
10,24/25,gbm,1634
10,24/25,rf,1644
10,24/25,ml_ens,1931
10,24/25,blend0,1586
10,24/25,blend10,1586
10,24/25,blend20,1631
10,24/25,blend30,1794
10,24/25,blend40,1643
10,24/25,blend50,1643
10,24/25,blend60,1744
10,24/25,blend70,1678
10,24/25,blend80,1678
10,24/25,blend90,1678
10,24/25,blend100,1780
10,25/26,last-szn,1405
10,25/26,price,922
10,25/26,structural,1397
10,25/26,ridge,1398
10,25/26,gbm,1446
10,25/26,rf,1514
10,25/26,ml_ens,1417
10,25/26,blend0,1476
10,25/26,blend10,1572
10,25/26,blend20,1572
10,25/26,blend30,1572
10,25/26,blend40,1539
10,25/26,blend50,1539
10,25/26,blend60,1539
10,25/26,blend70,1539
10,25/26,blend80,1539
10,25/26,blend90,1581
10,25/26,blend100,1569
11,24/25,last-szn,1574
11,24/25,price,1425
11,24/25,structural,1702
11,24/25,ridge,1714
11,24/25,gbm,1728
11,24/25,rf,1666
11,24/25,ml_ens,1853
11,24/25,blend0,1586
11,24/25,blend10,1586
11,24/25,blend20,1586
11,24/25,blend30,1655
11,24/25,blend40,1672
11,24/25,blend50,1705
11,24/25,blend60,1662
11,24/25,blend70,1662
11,24/25,blend80,1662
11,24/25,blend90,1659
11,24/25,blend100,1853
11,25/26,last-szn,1405
11,25/26,price,922
11,25/26,structural,1397
11,25/26,ridge,1398
11,25/26,gbm,1053
11,25/26,rf,1525
11,25/26,ml_ens,1420
11,25/26,blend0,1476
11,25/26,blend10,1558
11,25/26,blend20,1525
11,25/26,blend30,1525
11,25/26,blend40,1525
11,25/26,blend50,1525
11,25/26,blend60,1525
11,25/26,blend70,1525
11,25/26,blend80,1525
11,25/26,blend90,1696
11,25/26,blend100,1584
